{
    "earth_radius_ft": 20902234.252,
    "ft_to_nautical": 1.64579e-4,
    "m_to_nautical": 0.000539957,
    "air_constant_j_kg_k": 287.05,
    "standard_density_kg_m3": 1.225
}